1,34473,Jock,http://www.harrylatino.org/uploads/profile/photo-34473.png?_r=1403674522,25,3,3
2,2,Lyra Katara Selwyn,http://www.harrylatino.org/uploads/profile/photo-2.jpg?_r=1463111777,45,5,3
3,54044,Agatone Lestrange,http://www.harrylatino.org/uploads/profile/photo-54044.jpg,7,2,1
4,34050,Darla Potter Black,http://www.harrylatino.org/uploads/profile/photo-34050.png?_r=1548350063,37,5,4
5,109863,Karla Evans Crouchs,http://www.harrylatino.org/uploads/profile/photo-109863.jpg,3,1,1
6,34525,Yekaterina ZamolÃ³dchikova,http://www.harrylatino.org/uploads/profile/photo-34525.png?_r=1496955258,42,5,5
7,102763,Hobbamock Graves,http://www.harrylatino.org/uploads/profile/photo-102763.png?_r=1451444081,43,3,2
8,35232,Goderic Slithering,http://i51.tinypic.com/11udn5i.jpg,20,3,2
9,107220,RocÃ­o Malfoy,http://www.harrylatino.org/uploads/profile/photo-107220.jpg,2,1,0
10,27094,Russell Rider,http://www.harrylatino.org/uploads/profile/photo-27094.png,6,3,1
11,71651,Keaton Ravenclaw,https://i.imgur.com/bu7rhpC.jpg,30,4,4
12,73240,MartÃ­n NÂ´ Roses,http://www.harrylatino.org/uploads/profile/photo-73240.png,4,2,1
13,55810,Sunar PBT,http://www.harrylatino.org/uploads/profile/photo-55810.jpg,4,1,1
14,72374,Leshia Dolohov Triviani,http://i.imgur.com/BEJbu.jpg,6,2,1
15,109211,Cissy Macnair,http://www.harrylatino.org/uploads/profile/photo-109211.png?_r=1582603484,40,5,4
16,99684,Caroline,http://www.harrylatino.org/uploads/profile/photo-99684.png,3,1,1
17,49232,Rina Evans,http://www.harrylatino.org/uploads/profile/photo-49232.jpg,4,1,1
18,41377,Martinchosavo Shunpike,http://i304.photobucket.com/albums/nn184/quesoqueso_2008/ikkiav.png,5,1,1
19,90399,Pao Lovegood,http://www.harrylatino.org/uploads/profile/photo-90399.jpg,2,1,1
20,93165,Lucas Dumbledore,http://www.harrylatino.org/uploads/profile/photo-93165.jpg,4,1,1
21,106737,Nathan Weasley,http://i53.tinypic.com/2nkuqo5.jpg,24,1,1
22,85845,MÃ³nica Malfoy Haughton,http://www.harrylatino.org/uploads/profile/photo-85845.png,24,2,1
23,27802,Megan,http://www.harrylatino.org/uploads/profile/photo-27802.jpg,6,1,1
24,41347,Agatha Gryffindor,http://www.harrylatino.org/uploads/profile/photo-41347.jpg,6,2,1
25,35407,Darwind,http://www.harrylatino.org/uploads/profile/photo-35407.jpg,5,1,1
26,109594,Zack Ivashkov,http://www.harrylatino.org/uploads/profile/photo-109594.png?_r=1446862209,22,3,2
27,10978,Beltis,http://www.harrylatino.org/uploads/profile/photo-10978.jpg?_r=1562617226,31,4,2
28,109688,natasha evans malfoy,http://www.harrylatino.org/uploads/profile/photo-109688.jpg,2,1,1
29,109828,Hades Ragnarok,http://www.harrylatino.org/uploads/profile/photo-109828.png,3,1,1
30,46700,Lucrezia Di Medici,http://www.harrylatino.org/uploads/profile/photo-46700.png?_r=1566934042,18,4,3
31,27361,Sagitas E. Potter Blue,http://www.harrylatino.org/uploads/profile/photo-27361.jpg?_r=1472891326,50,5,5
32,90821,Az Black Haughton,http://www.harrylatino.org/uploads/profile/photo-90821.jpg,5,1,1
33,109738,Artemis Macnair Malfoy,http://i.imgur.com/s29dB.jpg,3,1,1
34,30329,Niko Uzumaki,http://www.harrylatino.org/uploads/profile/photo-30329.jpg?_r=1485617894,44,4,2
35,74802,Zahil Aranel Granger,http://www.harrylatino.org/uploads/profile/photo-74802.png?_r=1538976994,29,3,1
36,83845,Mia.,http://www.harrylatino.org/uploads/profile/photo-83845.png?_r=1441336262,50,5,5
37,27125,Aine Malfoy,http://www.harrylatino.org/uploads/profile/photo-27125.jpg,17,2,2
38,100535,Helen Black Lestrange,http://www.harrylatino.org/public/style_images/master/profile/default_large.png,3,1,1
39,111899,mayita_m,http://www.harrylatino.org/uploads/profile/photo-111899.jpg,2,1,0
40,82829,John Black Lestrange,http://www.harrylatino.org/public/style_images/master/profile/default_large.png,1,0,0
41,109829,severus-snipe,http://www.harrylatino.org/public/style_images/master/profile/default_large.png,1,1,0
42,110341,Only Marauder,http://www.harrylatino.org/public/style_images/master/profile/default_large.png,1,1,0
43,109080,Valkyria Black Lestrange,http://www.harrylatino.org/uploads/profile/photo-109080.jpg,3,1,1
44,109019,Prince Kaien Granger Gryffindor,http://www.harrylatino.org/uploads/profile/photo-109019.jpg,1,1,0
45,97392,Regina,http://www.harrylatino.org/uploads/profile/photo-97392.jpg,3,1,1
46,113009,Marc_BarÃ§a,http://i667.photobucket.com/albums/vv33/Solecito19/marcA.jpg,1,1,1
47,112275,Linzey Lawrence,http://i1194.photobucket.com/albums/aa377/Linzey1986/linnn-1-1.jpg,0,1,1
48,112206,Julie*Lovegood,http://i.imgur.com/Be1vY.png,1,1,0
49,79235,Marcellus Allan,http://img231.imageshack.us/img231/1338/avamarca.png,4,1,0
50,112190,RenesmeePotterB3LL3,http://i667.photobucket.com/albums/vv33/Solecito19/RenesmeeCarlieCullen.jpg,0,1,0
51,112866,Bridget Wenlock,http://www.harrylatino.org/uploads/profile/photo-112866.png?_r=1476668836,6,1,0
52,83911,Adrian Wild,http://i267.photobucket.com/albums/ii291/coyo_t/av-34050.png,13,2,2
53,109560,Jessie Stabolito,http://www.harrylatino.org/uploads/profile/photo-109560.jpg,0,1,1
54,55476,Annick Poulain,http://i.imgur.com/ZFMGK.png,4,1,1
55,90665,Deiwan Rambaldi,http://www.harrylatino.org/uploads/profile/photo-90665.jpg,2,1,1
56,112557,Lili Luna Black,http://www.harrylatino.org/public/style_images/master/profile/default_large.png,1,1,1
57,112662,Kassandraa ,http://www.harrylatino.org/uploads/profile/photo-112662.jpg,1,1,1
58,1298,Amaterasu Carrow,http://www.harrylatino.org/uploads/profile/photo-1298.jpg,3,1,1
59,110951,Cedric Digory,http://www.harrylatino.org/uploads/profile/photo-110951.jpg,1,1,1
60,22330,Coyo-t de Monter Westrong,http://www.harrylatino.org/uploads/profile/photo-22330.png,5,1,1
61,103117,Gitax Weasley,http://www.harrylatino.org/uploads/profile/photo-103117.jpg,3,2,1
62,88512,Criss Corpse Haughton,http://www.harrylatino.org/uploads/profile/photo-88512.jpg,3,1,1
63,111812,Shezill Snape,http://www.harrylatino.org/uploads/profile/photo-111812.jpg,1,1,1
64,66987,Elodia Riddle,http://www.harrylatino.org/uploads/profile/photo-66987.png?_r=1461912325,6,1,0
126,113107, Laura H. de Ryddleturn,http://www.harrylatino.org/uploads/profile/photo-113107.jpg,0,1,1
65,113321,HÃ©ctor Weasley D.,http://www.harrylatino.org/uploads/profile/photo-113321.jpg,1,1,1
66,110250,Pakami Gryffindor,http://i1233.photobucket.com/albums/ff381/Pakami/AVYPAKAMI-1.jpg,1,1,1
67,71333,Hugo J. Haughton,http://www.harrylatino.org/uploads/profile/photo-71333.png,6,1,1
68,135,Gatiux,http://www.harrylatino.org/uploads/profile/photo-135.png?_r=1549958922,27,3,2
69,33473,Ã„startÃ¨a Malfoy,http://www.harrylatino.org/uploads/profile/photo-33473.jpg,4,1,1
70,112360,Paulina malfoy,http://www.harrylatino.org/uploads/profile/photo-112360.jpg,1,1,1
71,64493,Magui Black Lestrange,http://www.harrylatino.org/uploads/profile/photo-64493.jpg,3,1,1
72,73553,Cye Lockhart,http://www.harrylatino.org/uploads/profile/photo-73553.png,5,1,1
73,38284,Galedra Myrddin R.,http://www.harrylatino.org/uploads/profile/photo-38284.jpg,4,1,1
74,113013, Mei Black Delacour,http://www.harrylatino.org/uploads/profile/photo-113013.png?_r=1488264945,29,1,1
75,112609,Kathy Daray Van Halen,http://www.harrylatino.org/uploads/profile/photo-112609.jpg,0,1,1
76,112355,Ginny Rambaldi Weasley,http://www.harrylatino.org/uploads/profile/photo-112355.jpg,0,1,1
77,53237,Harry S. Diggory,http://www.harrylatino.org/uploads/profile/photo-53237.jpg,1,1,1
78,113715,Diana.marauder catgryffin,http://www.harrylatino.org/uploads/profile/photo-113715.jpg,0,1,1
79,35247,Evarela Black,http://www.harrylatino.org/uploads/profile/photo-35247.jpg,5,1,1
80,113891,LeÃ³n Crowley,http://www.harrylatino.org/uploads/profile/photo-113891.png,0,1,1
81,73699,Valeskya Granger,http://www.harrylatino.org/uploads/profile/photo-73699.jpg,5,1,1
82,112376,Violette Petrova,http://www.harrylatino.org/uploads/profile/photo-112376.jpg,0,1,1
83,112122,Callida Towsaka Rowle,http://www.harrylatino.org/uploads/profile/photo-112122.jpg,0,1,1
84,110782,Zeth Black Lestrange,http://www.harrylatino.org/uploads/profile/photo-110782.jpg,1,1,1
85,8183,Eledhwen ,http://www.harrylatino.org/uploads/profile/photo-8183.jpg,6,2,1
111,99401,Belu Snape,http://www.harrylatino.org/uploads/profile/photo-99401.jpg,3,1,0
86,5855,Oscurus,http://tinypic.com/r/33ldycy/5,9,1,1
87,71714,Reena,http://www.harrylatino.org/uploads/profile/photo-71714.jpg,4,1,1
88,111484,Rory Despard,http://www.harrylatino.org/uploads/profile/photo-111484.jpg?_r=1587965775,33,5,3
89,73841,Lysander S.,http://www.harrylatino.org/uploads/profile/photo-73841.png?_r=1551984979,50,5,5
90,99768,Vane Black Sullivan,http://www.harrylatino.org/uploads/profile/photo-99768.jpg,1,1,1
91,106667,Daphne Malfoy,http://www.harrylatino.org/uploads/profile/photo-106667.jpg,3,1,1
92,71098,Brardolla Black,http://www.harrylatino.org/uploads/profile/photo-71098.jpg,4,2,1
93,100279,~Agus,http://www.harrylatino.org/uploads/profile/photo-100279.png,1,1,1
94,45810,Aysha S. Triviani,http://www.harrylatino.org/uploads/profile/photo-45810.jpg,5,1,1
95,41440,LunÃ¡tica Lupin Evil Wonka,http://www.harrylatino.org/uploads/profile/photo-41440.jpg,5,1,1
96,97295,Hope,http://www.harrylatino.org/uploads/profile/photo-97295.jpg,3,1,1
97,111240,David Black Lestrange,http://www.harrylatino.org/uploads/profile/photo-111240.jpg?_r=1511459807,10,2,1
98,101680,Taurogirl Crouchs ,http://www.harrylatino.org/uploads/profile/photo-101680.png,50,4,3
99,69618,Candela Triviani,http://www.harrylatino.org/uploads/profile/photo-69618.png?_r=1492573746,34,4,5
100,71039,Tamarindo,http://www.harrylatino.org/uploads/profile/photo-71039.jpg?_r=1472404570,5,1,1
188,100155,Marge Shunpike,http://www.harrylatino.org/uploads/profile/photo-100155.jpg,0,1,1
101,49498,Ricardito,http://www.harrylatino.org/uploads/profile/photo-49498.png,3,1,1
102,35163,Polyta Lupin,http://www.harrylatino.org/uploads/profile/photo-35163.jpg,4,1,0
103,46672,Afrodita Malfoy,http://www.harrylatino.org/uploads/profile/photo-46672.jpg,5,1,1
104,112915,Elaena Ryddleturn,http://www.harrylatino.org/uploads/profile/photo-112915.png?_r=1401665221,0,1,1
105,732,Antara Black,http://www.harrylatino.org/uploads/profile/photo-732.jpg,5,1,0
106,114844,Rosalie Potter,http://www.harrylatino.org/uploads/profile/photo-114844.jpg,0,1,0
107,110981,Melrose Moody,http://www.harrylatino.org/uploads/profile/photo-110981.jpg,26,2,1
108,114221,dadys snape,http://www.harrylatino.org/uploads/profile/photo-114221.jpg,0,1,0
109,120408,Darius,http://www.harrylatino.org/uploads/profile/photo-120408.jpg?_r=1478625811,11,1,0
110,113619,Eieen Moody,http://www.harrylatino.org/uploads/profile/photo-113619.png?_r=1550632145,25,3,3
112,113011,Merlin Grabyus,http://www.harrylatino.org/uploads/profile/photo-113011.jpg,0,1,0
113,98866,Caroline A. Malfoy Black Lestrange,http://www.harrylatino.org/uploads/profile/photo-98866.jpg,2,1,1
114,113082,Thomas E. Gryffindor,http://www.harrylatino.org/uploads/profile/photo-113082.jpg?_r=1453755755,6,3,2
115,109663,Ludmyla Black Lestrange Triviani,http://www.harrylatino.org/uploads/profile/photo-109663.jpg,3,1,1
116,65124,Kris Gryffindor,http://www.harrylatino.org/uploads/profile/photo-65124.jpg,5,1,1
117,19434,Sally Sigel,http://www.harrylatino.org/uploads/profile/photo-19434.png?_r=1453255029,25,2,2
118,36283,Angus Black,http://www.harrylatino.org/uploads/profile/photo-36283.jpg,6,1,1
119,52221,Felicity,http://www.harrylatino.org/uploads/profile/photo-52221.jpg,8,1,1
120,35324,Lestat Rambaldi,http://www.harrylatino.org/uploads/profile/photo-35324.jpg,1,1,1
121,110084,Claudia Rambaldi Crowley,http://www.harrylatino.org/uploads/profile/photo-110084.jpg,1,1,0
122,115374,Noeeh Lovegood,http://www.harrylatino.org/uploads/profile/photo-115374.jpg,1,1,1
123,41335,Spectum Crouchs Jr.,http://www.harrylatino.org/uploads/profile/photo-41335.jpg,4,1,0
124,81342,LainÃ« Marie,http://www.harrylatino.org/uploads/profile/photo-81342.jpg,3,1,1
125,114832,AlbusP.,http://www.harrylatino.org/uploads/profile/photo-114832.jpg,0,1,0
127,112593,Black Eyed Peas,http://www.harrylatino.org/public/style_images/2011/profile/default_large.png,0,1,1
128,115531,Lisa Weasley Rambaldi,http://www.harrylatino.org/uploads/profile/photo-115531.jpg,20,3,2
129,115121,Dylan K Knight,http://www.harrylatino.org/uploads/profile/photo-115121.jpg,0,1,0
130,114866,Ethiane S. Black Lestrange,http://www.harrylatino.org/uploads/profile/photo-114866.jpg,0,1,0
131,115720, Tais Sara Black E.,http://www.harrylatino.org/uploads/profile/photo-115720.png,0,1,1
132,84631,Radamantys,http://www.harrylatino.org/uploads/profile/photo-84631.jpg,4,1,1
133,829,Absinthe Malfoy,http://www.harrylatino.org/uploads/profile/photo-829.jpg,5,1,1
134,120612,Talia Mckinnon,http://www.harrylatino.org/uploads/profile/photo-120612.jpg?_r=1478627651,0,1,0
172,29991,Mistify Malfoy,http://www.harrylatino.org/uploads/profile/photo-29991.jpg,1,1,1
135,111514,Niqqui A. Rambaldi,http://www.harrylatino.org/public/style_images/master/profile/default_large.png,1,1,1
136,109114,Addison Evanik Haughton,http://www.harrylatino.org/uploads/profile/photo-109114.jpg,4,1,1
137,99175,Little G.,http://www.harrylatino.org/uploads/profile/photo-99175.jpg?_r=1462418907,4,1,1
138,110304,James W Grindelwald,http://www.harrylatino.org/uploads/profile/photo-110304.jpg,0,1,1
139,98673,Roxanne Rambaldi ,http://www.harrylatino.org/uploads/profile/photo-98673.jpg,1,1,1
140,27289,Chloe Oldman,http://www.harrylatino.org/uploads/profile/photo-27289.jpg,5,1,0
141,90880,Aicitel LÃ«w Crouchs B.,http://www.harrylatino.org/uploads/profile/photo-90880.png,2,1,1
142,113123,Kassandra S. Weasley B.L.,http://www.harrylatino.org/uploads/profile/photo-113123.png,2,1,1
143,65760,Nely Aradia Gaunt Lill ,http://www.harrylatino.org/public/style_images/master/profile/default_large.png,3,1,1
144,36876,Alyssa Black Trivini,http://www.harrylatino.org/uploads/profile/photo-36876.jpg,6,1,1
145,115844,AndrÃ³meda Perseus ,http://www.harrylatino.org/uploads/profile/photo-115844.png,0,1,0
146,115092,lud624,http://www.harrylatino.org/uploads/profile/photo-115092.jpg,0,1,0
147,112358,Leya Malfoy Rambaldi,http://www.harrylatino.org/uploads/profile/photo-112358.jpeg,0,1,1
148,115548,Dorothy Anne ,http://www.harrylatino.org/uploads/profile/photo-115548.jpg,0,1,0
149,113118,Laimi Evans,http://www.harrylatino.org/uploads/profile/photo-113118.png,0,1,1
150,115666,Percy Ryddleturn H.,http://www.harrylatino.org/uploads/profile/photo-115666.jpg,0,1,1
151,116303,Camille Black,http://www.harrylatino.org/uploads/profile/photo-116303.gif,0,1,1
152,116057,Demona A. Night,http://www.harrylatino.org/uploads/profile/photo-116057.jpg,0,1,1
153,76610,Eliah Ryddleturn,http://www.harrylatino.org/uploads/profile/photo-76610.jpg,0,1,1
154,113479,Oliver Granger,http://a0.twimg.com/profile_images/2384045280/3r8vns4zuamsxtajnhq8_normal.jpeg,0,1,1
155,52953,Bodrik,http://www.harrylatino.org/uploads/profile/photo-52953.jpg?_r=1492732032,23,3,1
156,116028,sol blatter,http://www.harrylatino.org/uploads/profile/photo-116028.jpg,0,1,1
157,112725,Lillian Potter Evans,http://www.harrylatino.org/uploads/profile/photo-112725.png?_r=1454044032,6,1,1
158,106391,Gomita Haughton Westrong,http://www.harrylatino.org/uploads/profile/photo-106391.png,0,1,1
159,116086,Mar Lovegood,http://www.harrylatino.org/uploads/profile/photo-116086.jpg,0,1,1
160,114398,Alyehs Led Ensic Malfoy,http://www.harrylatino.org/uploads/profile/photo-114398.jpg,0,1,1
161,116356,A. Evans,http://www.harrylatino.org/uploads/profile/photo-116356.jpg,0,1,1
162,112894,Alessa Ashryver Delacour,http://www.harrylatino.org/uploads/profile/photo-112894.jpg?_r=1560620906,38,5,5
163,115845,Helike Rambaldi Vladimir,http://www.harrylatino.org/uploads/profile/photo-115845.gif?_r=1543943108,40,5,4
164,66743,Perenela Arya Grindewald Potter Blue,http://www.harrylatino.org/uploads/profile/photo-66743.jpg,0,1,1
165,96950,Blackimse Black Rowle,http://www.harrylatino.org/uploads/profile/photo-96950.gif,0,2,1
166,116424,RÃ­as W. Loveless,http://www.harrylatino.org/uploads/profile/photo-116424.jpg,0,1,1
167,115890,Jank Dayne,http://www.harrylatino.org/uploads/profile/photo-115890.jpg,23,3,2
168,109123,Matt Blackner,http://www.harrylatino.org/public/style_images/master/profile/default_large.png,0,1,1
169,114956,Mery Gaunt Karkarov,http://www.harrylatino.org/uploads/profile/photo-114956.jpg,0,1,1
170,80580,VerÃ³nica Prince Rambaldi,http://www.harrylatino.org/uploads/profile/photo-80580.jpg?_r=1478965752,0,1,1
171,34741,Elizabeth Tonks,http://www.harrylatino.org/uploads/profile/photo-34741.png,0,1,1
220,117629,Adry Weasley,Aprendiz,1,1,
173,34332,Diego Malfoy,http://www.harrylatino.org/uploads/profile/photo-34332.png,0,2,1
174,109213,Pik Macnair,http://www.harrylatino.org/uploads/profile/photo-109213.png?_r=1439004123,9,1,1
175,116802,Liam Hawthorne,http://www.harrylatino.org/uploads/profile/photo-116802.png?_r=1465446541,7,4,1
176,48443,Amya_An,http://i.imgur.com/nShOfMr.png,20,4,1
177,116689,Leonardo Myrddin E.,http://www.harrylatino.org/uploads/profile/photo-116689.jpg,2,1,1
178,117153,alia2,http://www.harrylatino.org/uploads/profile/photo-117153.png,0,1,1
179,42757,Zbigniew Fined,http://www.harrylatino.org/uploads/profile/photo-42757.jpg,1,1,0
180,109163,Kevin Hadintong,http://www.harrylatino.org/uploads/profile/photo-109163.gif,1,1,1
181,114841,marcelo james potter,http://www.harrylatino.org/uploads/profile/photo-114841.jpg,1,1,1
182,64963,Edmund Browsler,http://www.harrylatino.org/uploads/profile/photo-64963.png,10,1,1
183,116160,Adryanie,http://www.harrylatino.org/uploads/profile/photo-116160.jpg,1,1,1
184,117268,Shasha Granger,http://www.harrylatino.org/uploads/profile/photo-117268.png,1,1,1
185,46255,Boss Elessar,http://www.harrylatino.org/uploads/profile/photo-46255.png,1,1,1
186,112814,Xell Vladimir Potter Black,http://www.harrylatino.org/uploads/profile/photo-112814.jpg?_r=1552182818,23,4,3
187,83988,Kailey Malfoy,http://www.harrylatino.org/uploads/profile/photo-83988.png,0,1,1
189,31024,Jacob Cullen Black Potter,http://www.harrylatino.org/uploads/profile/photo-31024.jpg,0,1,1
190,13894,GoshI,http://www.harrylatino.org/uploads/profile/photo-13894.jpg,0,1,1
191,113709,Axel Arthemis Black,http://www.harrylatino.org/uploads/profile/photo-113709.jpg,0,1,1
192,113716,Kary Lili Potter,http://www.harrylatino.org/uploads/profile/photo-113716.gif,0,1,1
193,89984,Emily Karkarov,http://www.harrylatino.org/uploads/profile/photo-89984.png?_r=1588480562,21,3,2
194,66173,Elvis F. Gryffindor,http://www.harrylatino.org/uploads/profile/photo-66173.jpg,0,1,1
195,100982,Ysandre Young,http://www.harrylatino.org/uploads/profile/photo-100982.jpg,0,1,1
196,111345,Karla.Weasley,http://www.harrylatino.org/uploads/profile/photo-111345.jpg,0,1,0
197,31143,Juv Mafoy Croft,http://www.harrylatino.org/uploads/profile/photo-31143.png?_r=1551985966,35,4,5
198,89547,Shedder Malfoy,http://www.harrylatino.org/uploads/profile/photo-89547.png,0,1,1
199,81371,Fokker,http://www.harrylatino.org/uploads/profile/photo-81371.jpg,0,1,1
200,115031,Joa Macnair Crowley,http://www.harrylatino.org/uploads/profile/photo-115031.jpg,3,1,1
201,115102,Jay Amaya Haughton,http://www.harrylatino.org/uploads/profile/photo-115102.jpg,0,1,1
202,115139,PaÃº Gryffindor,http://www.harrylatino.org/uploads/profile/photo-115139.jpg,0,1,1
203,11499,frng,http://www.harrylatino.org/uploads/profile/photo-11499.png,7,1,1
204,74211,Gyvraine C. Sullivan,http://www.harrylatino.org/uploads/profile/photo-74211.jpg,0,1,1
205,116460,Aziid,http://www.harrylatino.org/uploads/profile/photo-116460.jpg,0,1,1
206,75673,May Juliene Malfoy Feltom,http://www.harrylatino.org/uploads/profile/photo-75673.jpg,2,1,1
207,36928,Derek LÃºcien,http://www.harrylatino.org/uploads/profile/photo-36928.png,0,1,0
208,113382,Jessi R. Diggory,http://www.harrylatino.org/uploads/profile/photo-113382.jpg,0,1,1
209,117522,Finnick Oddair,http://www.harrylatino.org/uploads/profile/photo-117522.jpg,0,1,1
210,113426,kirara7,http://www.harrylatino.org/uploads/profile/photo-113426.jpg,0,1,1
211,117971,Arya Macnair,http://www.harrylatino.org/uploads/profile/photo-117971.jpg?_r=1380169452,22,2,2
212,115863,Binny Evans,http://www.harrylatino.org/uploads/profile/photo-115863.jpg?_r=1546378167,16,3,2
213,117512,Vrael Myrddin,http://www.gravatar.com/avatar/7a175565eef7c1df27bba42a4c5fe1c4?s=125&d=http%3A%2F%2Fwww.harrylatino.org%2Fpublic%2Fstyle_images%2Fmaster%2Fprofile%2Fdefault_large.png,0,1,1
214,117029,Kritzai,http://www.harrylatino.org/uploads/profile/photo-117029.jpg?_r=1383268094,0,1,1
215,103384,AimÃ© Westrong,http://www.harrylatino.org/uploads/profile/photo-103384.jpg?_r=1388177787,0,1,1
216,116384,irina selene,http://www.harrylatino.org/uploads/profile/photo-116384.jpg?_r=1389939139,0,1,1
217,117984,Emmet Haughton Gaunt,http://www.harrylatino.org/uploads/profile/photo-117984.jpg?_r=1392738276,23,1,1
218,115601,Franko Lovegood,http://www.harrylatino.org/uploads/profile/photo-115601.gif?_r=1388264186,0,1,1
219,117357,Helen Reyes,http://www.harrylatino.org/uploads/profile/photo-117357.jpg?_r=1391491122,0,1,1
221,118083,Oniria,http://www.harrylatino.org/uploads/profile/photo-118083.jpg?_r=1389011991,0,1,1
222,117327,Anna M. Johnsson,http://www.harrylatino.org/uploads/profile/photo-117327.jpg?_r=1393959231,0,1,1
223,115971,Huntress,http://www.harrylatino.org/uploads/profile/photo-115971.jpg?_r=1394237714,0,1,1
224,117436,Groter Shulton GranpiÃ©,http://www.harrylatino.org/uploads/profile/photo-117436.jpg?_r=1396197024,0,1,0
225,118217,Sira Granger,http://www.harrylatino.org/uploads/profile/photo-118217.png?_r=1398635193,1,2,1
226,29567,Anne Gaunt ,http://www.harrylatino.org/uploads/profile/photo-29567.jpg?_r=1500369826,29,4,3
227,114477,Leah A. Ivashkov,http://www.harrylatino.org/uploads/profile/photo-114477.jpg?_r=1398678689,22,4,3
228,118317,Bea Haughton G.,http://www.harrylatino.org/uploads/profile/photo-118317.jpg?_r=1401276437,6,1,1
229,36593,Ginny G Rambaldi,http://www.harrylatino.org/uploads/profile/photo-36593.jpg?_r=1395682713,0,1,1
230,113061,Varian Wrynn,http://www.harrylatino.org/uploads/profile/photo-113061.jpg?_r=1404955568,0,1,1
231,117794,Romalo_LPZ,http://www.harrylatino.org/uploads/profile/photo-117794.jpg?_r=1390076968,1,1,1
232,118643,AlbaBlack,http://www.harrylatino.org/uploads/profile/photo-118643.jpg?_r=1404189429,0,1,1
233,106246,Jeremy Black Haughton,http://www.harrylatino.org/uploads/profile/photo-106246.jpg?_r=1405353262,0,1,1
234,92004,Turmalina Weasley,http://www.harrylatino.org/uploads/profile/photo-92004.jpg?_r=1407609754,0,0,1
235,115027,Isabella Hawthorne,http://www.harrylatino.org/uploads/profile/photo-115027.png?_r=1594091056,5,1,1
236,3931,Zarco Bulche Haigh,http://www.harrylatino.org/uploads/profile/photo-3931.png?_r=1426226999,0,1,0
237,114901,Adam Knight,http://www.harrylatino.org/uploads/profile/photo-114901.jpg?_r=1411144567,0,1,0
238,118267,Cirse Atkins ,http://www.harrylatino.org/uploads/profile/photo-118267.jpg?_r=1439950840,5,1,1
239,38054,Hayame Snape Potter Black,http://www.harrylatino.org/uploads/profile/photo-38054.jpg?_r=1551636641,13,2,1
240,28776,Akiza Ravenclaw H.,http://www.harrylatino.org/uploads/profile/photo-28776.jpg?_r=1415929983,0,1,1
241,118869,Lunatica Lupin Evil Black,http://www.harrylatino.org/uploads/profile/photo-118869.jpg?_r=1544287919,5,1,1
242,118792,JuanaLovewood,http://www.gravatar.com/avatar/9d1dc331554b2992db09cc06a92d9da2?s=125&d=http%3A%2F%2Fwww.harrylatino.org%2Fpublic%2Fstyle_images%2Fmaster%2Fprofile%2Fdefault_large.png,0,1,1
243,118823,Romina Targayen,http://www.harrylatino.org/uploads/profile/photo-118823.jpg?_r=1419202285,3,1,1
244,116747,Eliot Akil,http://www.harrylatino.org/uploads/profile/photo-116747.png?_r=1443106215,2,1,1
245,119047,Andrew J,http://www.harrylatino.org/uploads/profile/photo-119047.png?_r=1421264125,0,1,0
246,118372,Antoni Ryvak Dracony,http://www.harrylatino.org/uploads/profile/photo-118372.png?_r=1422065124,17,1,1
287,46902,OriÃ³n Yaxley ,http://www.harrylatino.org/uploads/profile/photo-46902.jpg?_r=1499904739,20,2,2
247,118930,BrujaOesed,http://www.harrylatino.org/uploads/profile/photo-118930.png?_r=1435175216,2,1,0
256,12497,Mackenzie Malfoy,http://www.harrylatino.org/uploads/profile/photo-12497.png?_r=1446317131,50,5,5
248,115358,Dovakhin Haughton,http://www.harrylatino.org/uploads/profile/photo-115358.png?_r=1472609741,1,1,0
249,117333,Amelie Black Lestrange,http://www.harrylatino.org/uploads/profile/photo-117333.jpg?_r=1496686605,11,1,1
250,43411,Lord_Luis,http://www.harrylatino.org/uploads/profile/photo-43411.png?_r=1439191200,1,1,1
260,114440,OttoBkack,http://www.harrylatino.org/uploads/profile/photo-114440.jpg?_r=0,3,1,1
251,109250,Ariadna Macnair Gryffindor,http://www.harrylatino.org/uploads/profile/photo-109250.png?_r=1443322714,2,1,1
252,10239,Sean di Spinneto IV,http://www.harrylatino.org/uploads/profile/photo-10239.jpg?_r=0,9,2,1
253,108938,Seba Granger,http://www.harrylatino.org/uploads/profile/photo-108938.jpg?_r=1390323912,8,1,1
254,119428,Samantha Sokal,http://www.harrylatino.org/uploads/profile/photo-119428.png?_r=1443582393,2,1,1
255,118999,Galery Grindelwald Malfoy,http://www.harrylatino.org/uploads/profile/photo-118999.jpg?_r=1444450101,2,1,1
257,110075,Jota Nessaj Haughton,http://www.harrylatino.org/uploads/profile/photo-110075.jpg?_r=1441754620,1,0,1
258,118989,Roman A. Gaunt,http://www.harrylatino.org/uploads/profile/photo-118989.jpg?_r=1447093790,1,1,0
259,99421,Sherlock Holmes,http://www.harrylatino.org/uploads/profile/photo-99421.png?_r=1447046803,1,1,0
261,111473,Ashley Atkins,http://www.harrylatino.org/uploads/profile/photo-111473.png?_r=1420744712,6,1,1
262,119733,Negocios,http://www.gravatar.com/avatar/38f5bff2ab47f6221b763b0dc8f0b702?s=125&d=http%3A%2F%2Fwww.harrylatino.org%2Fpublic%2Fstyle_images%2Fmagic%2Fprofile%2Fdefault_large.png,0,0,0
263,119732,Familias,http://www.gravatar.com/avatar/b799d22c0d5a1df26c45e1459f5ef241?s=125&d=http%3A%2F%2Fwww.harrylatino.org%2Fpublic%2Fstyle_images%2Fmagic%2Fprofile%2Fdefault_large.png,0,0,0
264,119647,Ernest Macnair Wilfred,http://www.harrylatino.org/uploads/profile/photo-119647.png?_r=1465437936,3,1,1
265,118499,Katherine Rosier,http://www.harrylatino.org/uploads/profile/photo-118499.png?_r=1447165560,3,1,1
266,115316,Valent,http://www.harrylatino.org/uploads/profile/photo-115316.jpg?_r=1392092556,5,1,1
267,113605,Marcus McGonagall,http://www.harrylatino.org/uploads/profile/photo-113605.gif?_r=1392880061,8,1,1
268,103974,Near,http://i.imgur.com/m1lk7w2.png,4,1,1
269,19379,Crazy Malfoy,http://www.harrylatino.org/user/19379-crazy-malfoy/,20,1,2
270,71284,Danyellus Triviani Malfoy,http://www.harrylatino.org/uploads/profile/photo-71284.png?_r=1452391447,6,1,1
271,118847,Randal Ravenclaw,http://www.harrylatino.org/uploads/profile/photo-118847.png?_r=1407467790,1,1,1
272,41013,Deivid E. Potter Black,http://www.harrylatino.org/uploads/profile/photo-41013.png?_r=1453576233,2,1,0
273,119465,Ethan Lenteric,http://www.harrylatino.org/uploads/profile/photo-119465.jpg?_r=1454120333,2,1,0
274,119766,Valentina Ricci,http://www.harrylatino.org/uploads/profile/photo-119766.png?_r=1453847723,1,1,1
275,115687,Aaron Black Lestrange,http://www.harrylatino.org/uploads/profile/photo-115687.jpg?_r=0,2,1,0
276,117591,Kutsy,http://www.harrylatino.org/uploads/profile/photo-117591.jpg?_r=1453877997,2,1,1
277,112434,Athena RouvÃ¡s,http://www.harrylatino.org/uploads/profile/photo-thumb-112434.jpg?_r=1455124339,16,1,1
278,52135,Arabella Gryffindor,http://www.harrylatino.org/uploads/profile/photo-52135.jpg?_r=1457927107,5,1,1
279,30860,Cillian,http://www.harrylatino.org/uploads/profile/photo-30860.jpg?_r=1423459491,8,1,1
280,118825,Morrighan McKenna,http://i.imgur.com/a8UrsSc.jpg,2,1,1
281,119938,Mr. Zurin,http://www.harrylatino.org/uploads/profile/photo-119938.png?_r=1457315240,2,1,1
282,117776,Fengari Naberrie Black,http://www.harrylatino.org/uploads/profile/photo-117776.jpg?_r=1461376495,3,1,1
283,116021,hani_price,http://www.harrylatino.org/uploads/profile/photo-116021.png?_r=1453869631,1,1,1
284,119993,Darian Mcnair,http://www.harrylatino.org/uploads/profile/photo-119993.jpg?_r=1454402369,2,1,0
292,45041,Tara Lestrange,http://www.harrylatino.org/uploads/profile/photo-45041.png?_r=1485483771,6,1,1
285,120154,JunnyCo,http://www.harrylatino.org/uploads/profile/photo-120154.jpg?_r=1471059659,2,1,1
286,119097,Mia Zoeh,http://www.harrylatino.org/uploads/profile/photo-119097.png?_r=1547145964,7,2,1
288,16188,Glenin Black,http://www.harrylatino.org/uploads/profile/photo-16188.jpg?_r=1398997917,6,1,2
289,115882,Patri Gryffindor L,http://www.harrylatino.org/uploads/profile/photo-115882.png?_r=1472540061,1,1,1
290,120648,Zelkat13,http://www.harrylatino.org/uploads/profile/photo-120648.png?_r=1480623538,2,1,1
291,119961,Shena Cindy de Ryvak M.,http://www.harrylatino.org/uploads/profile/photo-119961.jpg?_r=1468707510,1,1,1
293,29735,Luisitha Black M.,http://www.harrylatino.org/uploads/profile/photo-29735.png?_r=1484776796,3,1,1
294,120382,Albus Severus Black,http://www.harrylatino.org/uploads/profile/photo-120382.jpg?_r=1486673366,3,1,0
295,35306,Arcanus,http://www.harrylatino.org/uploads/profile/photo-35306.jpg?_r=0,5,1,1
296,89215,Kya Black D'Lecroix,http://www.harrylatino.org/uploads/profile/photo-89215.jpg?_r=1392357076,6,2,1
297,110487,Reviguelle Fiorentini S.,http://www.harrylatino.org/uploads/profile/photo-110487.jpg?_r=1478660096,3,1,0
298,120467,Andromeda Amelin Lenteric,http://www.harrylatino.org/uploads/profile/photo-120467.jpg?_r=1485619848,2,1,0
299,120589,Maida I. Yaxley,http://www.harrylatino.org/uploads/profile/photo-120589.jpg?_r=1488885690,2,1,1
300,34186,Patrick Colt,http://www.harrylatino.org/uploads/profile/photo-34186.png?_r=1487442195,21,3,2
301,43192,Aleera Lux Evanik Malfoy,http://www.harrylatino.org/uploads/profile/photo-43192.jpg?_r=1418401950,12,1,1
302,4721,Gabrielle Delacour,http://www.harrylatino.org/uploads/profile/photo-4721.png?_r=1490402817,7,1,0
303,120714,Kaiser Lord Pilu,http://www.harrylatino.org/uploads/profile/photo-120714.jpg?_r=1491831589,2,1,0
304,120751,Juliette Macnair,http://www.harrylatino.org/uploads/profile/photo-120751.jpg?_r=1500700142,3,2,1
305,120710,Apolo Granger,http://www.harrylatino.org/uploads/profile/photo-120710.gif?_r=1497216375,2,1,0
306,120947,Noah Lockhart,http://www.harrylatino.org/uploads/profile/photo-120947.jpg?_r=1493440573,1,1,1
307,82426,Tazz Malfoy Dolohov,http://www.harrylatino.org/uploads/profile/photo-82426.jpg?_r=0,3,1,1
308,120981,Ezra Lockgart,http://www.harrylatino.org/uploads/profile/photo-120981.jpg?_r=1495573207,0,0,0
309,22541,djvash,http://www.harrylatino.org/uploads/profile/photo-22541.jpg?_r=1503295648,4,1,1
310,120774,Paula Malfoy,http://www.harrylatino.org/uploads/profile/photo-120774.jpg?_r=1504992755,2,1,1
311,36986,Ashura Lestrange,http://www.harrylatino.org/uploads/profile/photo-36986.jpg?_r=1504660602,4,0,0
312,121120,Emi Cris Ryvak Dracony,http://www.harrylatino.org/uploads/profile/photo-121120.jpg?_r=1501464885,0,0,0
313,121060,Oriánthi,http://www.harrylatino.org/uploads/profile/photo-121060.png?_r=1565558618,6,2,1
314,109628,Lady Luxure Grindelwald,http://www.harrylatino.org/uploads/profile/photo-109628.jpg?_r=1505083479,10,2,1
315,121148,Scavenger ,http://www.harrylatino.org/uploads/profile/photo-121148.png?_r=1507870281,2,0,0
316,121079,Eobard A. Black Lestrange,http://www.harrylatino.org/uploads/profile/photo-121079.png?_r=1551754149,10,3,1
317,42748,Mahia Black,http://www.harrylatino.org/uploads/profile/photo-42748.gif?_r=1489101768,4,0,0
318,118247,Garry M. Ollivander,http://www.harrylatino.org/uploads/profile/photo-118247.jpg?_r=1514107483,9,2,2
319,114324,Dylan Dogg,http://www.harrylatino.org/uploads/profile/photo-114324.png?_r=1515352017,3,1,1
320,120250,Alegna Black,http://www.harrylatino.org/uploads/profile/photo-120250.png?_r=1485628462,3,1,1
321,121222,Jeremy Triviani,http://www.harrylatino.org/uploads/profile/photo-121222.png?_r=1584852756,32,5,4
322,121123,Freddy Myrddyn,http://www.harrylatino.org/uploads/profile/photo-121123.jpg?_r=1501342454,1,1,1
323,50395,Evedhiel,http://www.harrylatino.org/uploads/profile/photo-50395.jpg?_r=1520263038,2,1,1
324,121212,Rachel Ravenclaw,http://www.harrylatino.org/uploads/profile/photo-121212.png?_r=1519597847,2,1,1
325,77608,Fiamma Phoenix,http://www.harrylatino.org/uploads/profile/photo-77608.gif?_r=1550770140,12,2,2
326,121288,Dennis Delacour,http://www.harrylatino.org/uploads/profile/photo-121288.png?_r=1524076374,21,3,2
327,121286,heberth portillo,http://www.harrylatino.org/uploads/profile/photo-121286.jpg?_r=1526438396,1,1,0
328,121307,Wendolyn Maxwell,http://www.harrylatino.org/uploads/profile/photo-121307.png?_r=1523481504,2,1,1
329,110197,Kytta Gryffindor Rambaldi,http://www.harrylatino.org/uploads/profile/photo-110197.png?_r=1524598899,5,2,1
330,116055,Vladimir Karkarov,http://www.harrylatino.org/uploads/profile/photo-116055.png?_r=1527634247,2,1,1
331,110990,JoaquÃ­n Granger,http://www.harrylatino.org/uploads/profile/photo-110990.gif?_r=1531161543,3,1,1
332,119634,Syrius McGonagall,http://www.harrylatino.org/uploads/profile/photo-119634.png?_r=1518744467,2,1,1
333,121315,Matthew Triviani,http://www.harrylatino.org/uploads/profile/photo-121315.gif?_r=1587002768,26,5,3
334,109909,zafiro,http://www.harrylatino.org/uploads/profile/photo-109909.jpg?_r=1511147936,1,1,1
335,121075,taison_greyback,http://www.harrylatino.org/uploads/profile/photo-121075.jpg?_r=1530732013,3,1,1
336,121273,Zoella Triviani,http://www.harrylatino.org/uploads/profile/photo-121273.png?_r=1586476599,32,5,5
337,41325,justo,http://www.harrylatino.org/uploads/profile/photo-41325.png?_r=1481916468,8,1,1
338,15225,Mynerva de Weasley,http://www.harrylatino.org/uploads/profile/photo-15225.jpg?_r=1481359733,18,1,1
339,229,La Hija de Las Tinieblas,http://www.harrylatino.org/uploads/profile/photo-229.png?_r=1456154391,10,1,1
340,121289,Litsy,http://www.harrylatino.org/uploads/profile/photo-121289.png?_r=1516912447,1,1,1
341,101171,Ini-Herit,http://www.harrylatino.org/uploads/profile/photo-101171.gif?_r=1550516594,2,1,1
342,120042,Gabriel W. Diggory,http://www.harrylatino.org/uploads/profile/photo-120042.jpg?_r=1548378248,1,1,1
343,121432,Selenne Luxure,http://www.harrylatino.org/uploads/profile/photo-121432.png?_r=1541174604,1,1,1
344,40089,Baby Catwoman,http://www.harrylatino.org/uploads/profile/photo-40089.gif?_r=1549524362,2,1,1
345,119067,Nicole Evans Crowley,http://www.harrylatino.org/uploads/profile/photo-119067.png?_r=1482282655,3,1,1
346,121352,Hannity Jane,http://www.harrylatino.org/uploads/profile/photo-121352.jpg?_r=1550269784,2,1,0
347,347,Error,Error,0,0,0
348,112545,Sasha Askar,http://www.harrylatino.org/uploads/profile/photo-112545.png?_r=1527915589,2,1,0
349,119088,Beryl Serenity Hawthorne,http://www.harrylatino.org/uploads/profile/photo-119088.png?_r=1568158619,1,1,0
350,53710,Ariane Dumbledore,http://www.harrylatino.org/uploads/profile/photo-53710.jpg?_r=1517439563,6,1,0
351,115322,Leopold Gaunt,http://www.harrylatino.org/uploads/profile/photo-115322.png?_r=1568307978,5,1,0
352,118800,Alexis Miller,http://www.harrylatino.org/uploads/profile/photo-118800.png?_r=1471998598,1,1,0
353,120423,Susan V. Goldstein,http://www.harrylatino.org/uploads/profile/photo-120423.png?_r=1567997985,1,1,0
354,120560,Alexander Fox,http://www.harrylatino.org/uploads/profile/photo-120560.png?_r=1568082519,3,1,0
355,121579,Oliver Gaunt,http://www.harrylatino.org/uploads/profile/photo-121579.png?_r=1567906638,0,0,0
356,121232,Callum Goldstein,http://www.harrylatino.org/uploads/profile/photo-121232.jpg?_r=1579082134,2,1,0
357,121521,Thomas Clairmont,http://www.harrylatino.org/uploads/profile/photo-121521.png?_r=1574140800,2,1,0
358,121400,Frankie Triviani,http://www.harrylatino.org/uploads/profile/photo-121400.jpg?_r=1579204659,3,1,1
359,120663,imkup,http://www.harrylatino.org/uploads/profile/photo-120663.jpg?_r=1586035934,3,1,0
360,119146,Luna21,http://www.harrylatino.org/uploads/profile/photo-119146.jpg?_r=1588075745,1,1,0
361,121044,Kamra Ashriver R. Delacour,http://www.harrylatino.org/uploads/profile/photo-121044.jpg?_r=1588736700,2,1,0
362,90949,Shelle Dumbledore B.L,http://www.harrylatino.org/uploads/profile/photo-90949.png?_r=1589396551,3,1,0
363,45178,-Eterno Black Triviani,http://www.harrylatino.org/uploads/profile/photo-45178.jpg?_r=1592250747,2,1,0
364,121413,Danny Lestrange,http://www.harrylatino.org/uploads/profile/photo-121413.png?_r=1592457785,0,1,0
365,32649,Datura,http://www.harrylatino.org/uploads/profile/photo-32649.jpg?_r=1388001503,3,1,0
366,108959,Mary Adler Westrong,http://www.harrylatino.org/uploads/profile/photo-108959.jpg?_r=0,7,1,1
367,113116,Theodore Lestrange,http://www.harrylatino.org/uploads/profile/photo-113116.jpg?_r=1583719324,2,1,1
368,121299,Rhaella Triviani,http://www.harrylatino.org/uploads/profile/photo-121299.png?_r=1581574640,3,1,1
369,121685,Sophie Slinkhard,http://i1.wp.com/www.harrylatino.org/public/style_images/deviant/profile/default_large.png,0,1,1
370,119405,pandora dyonel,http://www.harrylatino.org/uploads/profile/photo-119405.jpg?_r=1597628453,3,1,1
371,110463,Allen Joe Walker,http://www.harrylatino.org/uploads/profile/photo-110463.jpg?_r=1605634976,2,1,1
372,121686,Emma Delacour,http://www.harrylatino.org/uploads/profile/photo-121686.jpg?_r=1586048222,1,1,1
373,121704,Dead By Sunrise,http://www.harrylatino.org/uploads/profile/photo-121704.jpg?_r=1588086051,1,1,1
374,109040,Josh Cameron,http://www.harrylatino.org/uploads/profile/photo-109040.jpg?_r=1548100760,1,1,1
375,121237,Cyrsse Zaphyr,http://www.harrylatino.org/uploads/profile/photo-121237.jpg?_r=1591817007,1,1,1
376,121921,Riuu,http://i1.wp.com/www.harrylatino.org/public/style_images/dustblue/profile/default_large.png,0,1,1
377,121358,Dennis lestrange,http://www.harrylatino.org/uploads/profile/photo-121358.jpg?_r=1528572716,1,1,0